name,postcode,state,latitude,longitude
Perth,6000,WA,-31.9505,115.8605
Northbridge,6003,WA,-31.9427,115.8570
East Perth,6004,WA,-31.9480,115.8740
West Perth,6005,WA,-31.9483,115.8465
North Perth,6006,WA,-31.9276,115.8518
Highgate,6003,WA,-31.9362,115.8668
Leederville,6007,WA,-31.9331,115.8444
Subiaco,6008,WA,-31.9489,115.8246
Shenton Park,6008,WA,-31.9596,115.8120
Nedlands,6009,WA,-31.9802,115.8098
Dalkeith,6009,WA,-31.9896,115.8091
Crawley,6009,WA,-31.9763,115.8210
Claremont,6010,WA,-31.9813,115.7812
Swanbourne,6010,WA,-31.9749,115.7690
Cottesloe,6011,WA,-31.9939,115.7538
Peppermint Grove,6011,WA,-31.9970,115.7659
Mosman Park,6012,WA,-32.0024,115.7636
Wembley,6014,WA,-31.9310,115.8070
Floreat,6014,WA,-31.9349,115.7894
City Beach,6015,WA,-31.9369,115.7684
Mount Hawthorn,6016,WA,-31.9175,115.8436
Osborne Park,6017,WA,-31.9020,115.8151
Herdsman,6017,WA,-31.8927,115.8118
Innaloo,6018,WA,-31.8882,115.7925
Doubleview,6018,WA,-31.8786,115.7803
Gwelup,6018,WA,-31.8669,115.7981
Churchlands,6018,WA,-31.9071,115.7914
Woodlands,6018,WA,-31.8898,115.7885
Karrinyup,6018,WA,-31.8708,115.7779
Scarborough,6019,WA,-31.8930,115.7540
Duncraig,6023,WA,-31.8378,115.7827
Sorrento,6020,WA,-31.8280,115.7529
Stirling,6021,WA,-31.9049,115.8237
Balga,6061,WA,-31.8645,115.8448
Hamersley,6022,WA,-31.8540,115.7984
Greenwood,6024,WA,-31.8228,115.8041
Warwick,6024,WA,-31.8368,115.8126
Girrawheen,6064,WA,-31.8455,115.8226
Marangaroo,6064,WA,-31.8492,115.8135
Joondalup,6027,WA,-31.7453,115.7666
Edgewater,6027,WA,-31.7593,115.7766
Currambine,6028,WA,-31.7392,115.7760
Ocean Reef,6027,WA,-31.7554,115.7476
Beldon,6027,WA,-31.7729,115.7793
Heathridge,6027,WA,-31.7671,115.7757
Connolly,6027,WA,-31.7327,115.7776
Clarkson,6030,WA,-31.6852,115.7985
Merriwa,6030,WA,-31.6761,115.8038
Quinns Rocks,6030,WA,-31.6749,115.7094
Butler,6036,WA,-31.6431,115.7330
Ridgewood,6030,WA,-31.6569,115.7988
Eglinton,6034,WA,-31.6136,115.7210
Yanchep,6035,WA,-31.5477,115.6767
Two Rocks,6037,WA,-31.4878,115.5994
Alkimos,6038,WA,-31.6401,115.7092
Mt Lawley,6050,WA,-31.9253,115.8755
Maylands,6051,WA,-31.9330,115.9000
Inglewood,6052,WA,-31.9174,115.8783
Bedford,6052,WA,-31.9030,115.8803
Bayswater,6053,WA,-31.9200,115.9195
Bassendean,6054,WA,-31.9041,115.9525
Eden Hill,6054,WA,-31.8836,115.9424
Swan,6055,WA,-31.8770,115.9820
Guildford,6055,WA,-31.8994,116.0004
Midland,6056,WA,-31.8891,116.0145
Midvale,6056,WA,-31.8977,116.0298
High Wycombe,6057,WA,-31.9440,116.0032
Maida Vale,6057,WA,-31.9597,116.0267
Forrestfield,6058,WA,-31.9781,116.0141
Wattle Grove,6107,WA,-32.0275,116.0107
Morley,6062,WA,-31.8885,115.9095
Tuart Hill,6060,WA,-31.9016,115.8340
Westminster,6061,WA,-31.8798,115.8520
Nollamara,6061,WA,-31.8879,115.8594
Mirrabooka,6061,WA,-31.8700,115.8700
Koondoola,6064,WA,-31.8546,115.8419
Malaga,6090,WA,-31.8545,115.8933
Beechboro,6063,WA,-31.8713,115.9219
Wanneroo,6065,WA,-31.7528,115.8048
Wangara,6065,WA,-31.7951,115.8413
Madeley,6065,WA,-31.7969,115.8040
Kingsley,6026,WA,-31.8143,115.8019
Woodvale,6026,WA,-31.7982,115.8181
Craigie,6025,WA,-31.8053,115.7842
Ellenbrook,6069,WA,-31.7764,115.9695
The Vines,6069,WA,-31.7258,115.9956
Mundaring,6073,WA,-31.9023,116.1674
Glen Forrest,6071,WA,-31.8897,116.1286
Darlington,6070,WA,-31.9151,116.0820
Kalamunda,6076,WA,-31.9764,116.0665
Victoria Park,6100,WA,-31.9773,115.8930
Lathlain,6100,WA,-31.9697,115.9029
East Victoria Park,6101,WA,-31.9916,115.9000
Bentley,6102,WA,-31.9985,115.9084
St James,6102,WA,-31.9851,115.9105
Rivervale,6103,WA,-31.9652,115.9129
Cloverdale,6105,WA,-31.9584,115.9306
Belmont,6104,WA,-31.9430,115.9355
Ascot,6104,WA,-31.9306,115.9472
Cannington,6107,WA,-31.9997,115.9501
Beckenham,6107,WA,-32.0133,115.9466
Queens Park,6107,WA,-32.0037,115.9448
Kenwick,6107,WA,-32.0261,115.9770
Thornlie,6108,WA,-32.0483,115.9567
Maddington,6109,WA,-32.0487,115.9860
Gosnells,6110,WA,-32.0878,115.9959
Roleystone,6111,WA,-32.1174,116.0394
Armadale,6112,WA,-32.1407,115.9957
Lynwood,6147,WA,-32.0428,115.8923
Wilson,6107,WA,-31.9879,115.9104
Leeming,6149,WA,-32.0742,115.8664
Murdoch,6150,WA,-32.0670,115.8345
South Perth,6151,WA,-31.9808,115.8555
Como,6152,WA,-31.9982,115.8687
Karawara,6152,WA,-32.0123,115.8641
Applecross,6153,WA,-32.0107,115.8462
Booragoon,6154,WA,-32.0453,115.8353
Myaree,6154,WA,-32.0305,115.8247
Willetton,6155,WA,-32.0695,115.8659
Canning Vale,6155,WA,-32.0889,115.8924
Melville,6156,WA,-32.0427,115.8069
Attadale,6156,WA,-32.0283,115.8062
Palmyra,6157,WA,-32.0481,115.7918
Bicton,6157,WA,-32.0227,115.8018
East Fremantle,6158,WA,-32.0385,115.7707
North Fremantle,6159,WA,-32.0459,115.7485
Fremantle,6160,WA,-32.0569,115.7468
Beaconsfield,6162,WA,-32.0698,115.7686
Spearwood,6163,WA,-32.1044,115.7849
Hamilton Hill,6163,WA,-32.0893,115.7726
Munster,6166,WA,-32.1477,115.8073
Yangebup,6164,WA,-32.1200,115.8285
Jandakot,6164,WA,-32.1043,115.8695
Atwell,6164,WA,-32.1353,115.8392
Aubin Grove,6164,WA,-32.1524,115.8493
Cockburn Central,6164,WA,-32.1232,115.8433
Rockingham,6168,WA,-32.2797,115.7296
Safety Bay,6169,WA,-32.3062,115.7522
Waikiki,6169,WA,-32.3146,115.7528
Shoalwater,6169,WA,-32.3221,115.7372
Port Kennedy,6172,WA,-32.3640,115.7534
Baldivis,6171,WA,-32.3196,115.8298
Singleton,6175,WA,-32.4266,115.7653
Secret Harbour,6173,WA,-32.4023,115.7660
Golden Bay,6174,WA,-32.4277,115.7584
Karnup,6176,WA,-32.4587,115.8006
Lakelands,6180,WA,-32.4817,115.8023
Mandurah,6210,WA,-32.5300,115.7239
Meadow Springs,6210,WA,-32.4924,115.7627
Pinjarra,6208,WA,-32.6280,115.8762
Waroona,6215,WA,-32.8380,115.9230
Harvey,6220,WA,-33.0780,115.9040
Bunbury,6230,WA,-33.3271,115.6414
Busselton,6280,WA,-33.6461,115.3484
Margaret River,6285,WA,-33.9533,115.0748
Geraldton,6530,WA,-28.7774,114.6143
Kalgoorlie,6430,WA,-30.7489,121.4660
Albany,6330,WA,-35.0269,117.8836
